text,label
My dog has been scratching a lot lately. Does anyone know a trusted vet in Jounieh?,Safe
My cat started a new medication today. Is it normal that she sleeps more than usual?,Safe
Can anyone recommend a good pet charity in Beirut that helps injured dogs?,Safe
Has anyone adopted from this shelter before? I want to know if they are reliable.,Safe
My puppy is refusing dry food. Did changing brands help anyone here?,Safe
Does anyone know a clinic that is open on Sundays for emergencies?,Safe
My cat has been sneezing for two days. Should I wait or book a consultation?,Safe
I am looking for a calm groomer for an anxious dog. Any suggestions?,Safe
Which flea treatment worked best for your indoor cats?,Safe
My rabbit has been eating less than usual. Has anyone experienced this before?,Safe
Is there a pet shop in Jbeil that sells hypoallergenic dog food?,Safe
My vet changed my dog's diet after surgery. Has anyone tried recovery food before?,Safe
I found a lost kitten near my building. Does anyone know a rescue group that can help?,Safe
What vaccines are usually required for a newly adopted puppy?,Safe
My cat seems bored at home. What toys do your cats actually enjoy?,Safe
Can someone recommend a reliable boarding place for dogs during travel?,Safe
My dog has mild ear redness. Should I clean it first or go straight to the vet?,Safe
Has anyone here dealt with motion sickness in cats during car rides?,Safe
I want to adopt a senior dog. Any advice from people who already did that?,Safe
Which place has the best prices for prescription pet food?,Safe
My dog is recovering well after treatment. Thanks everyone for the advice.,Safe
Is it normal for a kitten to eat small amounts many times a day?,Safe
My vet suggested blood work before changing medication. Did others do the same?,Safe
Can anyone suggest a good harness for a strong medium-sized dog?,Safe
I am searching for a place that offers both consultation and grooming.,Safe
My dog gets nervous around strangers. Any training tips that helped you?,Safe
Has anyone used calming chews for travel anxiety in pets?,Safe
"My cat is drinking more water than usual. I will see a vet, but wanted to ask if others noticed that too.",Safe
What is the best way to introduce a new rescue dog to a resident cat?,Safe
I need recommendations for a trustworthy charity that accepts pet food donations.,Safe
My dog had diarrhea after switching treats. Has this happened to anyone else?,Safe
Can anyone recommend a vet who explains treatment plans clearly?,Safe
My bird has been quieter than normal today. Should I be concerned?,Safe
I am looking for soft food options for an older cat with dental issues.,Safe
Do any shelters here allow trial adoption before final paperwork?,Safe
My dog has seasonal allergies and keeps licking his paws. Any vet suggestions?,Safe
I want to know if pet insurance is worth it in Lebanon. Any experiences?,Safe
My cat hates tablets. What methods worked for giving medicine safely?,Safe
Which clinic has the best reputation for surgery follow-up care?,Safe
Is there a charity that helps with low-cost vaccinations for strays?,Safe
Limited offer!!! Buy miracle pet supplements now and save big!!!,Spam
DM me now for the best pet medicine deals 100 percent guaranteed!!!,Spam
Click here for miracle treatment cheap-pets.example now now now,Spam
Free dog food giveaway!!! Message me immediately before stock runs out!!!,Spam
Earn money from home and get free pet products if you join today!!!,Spam
Best flea medicine in the world buy now buy now buy now,Spam
Visit promo-pets.example for exclusive pet medicine discounts today,Spam
Massive sale on all pet vitamins click here and order now,Spam
Urgent promotion only today free samples for the first fifty buyers,Spam
Special secret pet formula available now contact me privately,Spam
Cheap vaccines available no questions asked message now,Spam
Buy one get one free pet supplements limited offer today only,Spam
Click my page for the best pet deals on the market,Spam
Guaranteed cure for all pet problems just buy this package now,Spam
Fast shipping miracle medicine for dogs and cats order today,Spam
New amazing product launch for pets get yours instantly,Spam
Join our program and receive free pet items every month,Spam
Cheap collars cheap food cheap vaccines DM me immediately,Spam
Best online pet store in the region click and subscribe,Spam
Exclusive membership discount for pet owners act now,Spam
Promotional offer free consultation if you buy our product bundle,Spam
Send me a message and I will give you a private discount code,Spam
Amazing pet products waiting for you click this link now,Spam
Lowest prices on all medicines guaranteed only today,Spam
Buy this miracle flea spray before it sells out,Spam
Click here now for premium pet food with huge discount,Spam
Wholesale pet medicine available contact me for bulk orders,Spam
Best charity donation page click now and send money today,Spam
Follow my page for daily pet product offers and giveaways,Spam
Discounted vitamins for dogs message now no delay,Spam
Free delivery on all pet products if you order tonight,Spam
Cheap treatment package available now hurry and message me,Spam
Breaking deal miracle shampoo for all breeds click now,Spam
Biggest sale of the year on pet accessories visit now,Spam
Order now and fix your pet problems instantly,Spam
Limited stock left on our premium treatment formula,Spam
Click this page and subscribe for secret pet offers,Spam
Unbeatable prices on pet meds act immediately,Spam
Private seller with miracle products DM me fast,Spam
Special ad best pet product ever message me today,Spam
You are stupid and should never own a pet.,Abusive
Shut up your advice is garbage.,Abusive
Only an idiot would feed that to a dog.,Abusive
You people are useless and terrible owners.,Abusive
That is the dumbest thing I have read here.,Abusive
Anyone who follows your advice is brainless.,Abusive
You clearly know nothing about animals.,Abusive
Stop talking nonsense you moron.,Abusive
What a ridiculous and ignorant comment.,Abusive
You should be ashamed of yourself as a pet owner.,Abusive
Your opinion is trash and nobody should listen to you.,Abusive
You sound like a complete fool.,Abusive
This post is pathetic and so are you.,Abusive
Only a clueless person would think that is okay.,Abusive
You are embarrassing yourself with that advice.,Abusive
People like you should stay away from pets.,Abusive
Your comment is garbage and you are too.,Abusive
That is a braindead suggestion.,Abusive
You are clearly too dumb to care for animals.,Abusive
Stop acting smart because you are not.,Abusive
You are disgusting and irresponsible.,Abusive
Anyone who does that is stupid.,Abusive
You have no brain if you believe that.,Abusive
This is why people should not trust you.,Abusive
What an idiotic thing to say.,Abusive
You are the problem here not the pet.,Abusive
Your advice is worthless.,Abusive
That is a trash opinion from a trash owner.,Abusive
You are clearly ignorant and arrogant.,Abusive
No wonder your pets suffer with advice like that.,Abusive
You sound completely clueless.,Abusive
That was such a moronic recommendation.,Abusive
You should not be allowed near animals.,Abusive
Your whole argument is stupid.,Abusive
Only a fool would post something like this.,Abusive
Stop spreading nonsense you clown.,Abusive
You are hopeless if you think this is okay.,Abusive
That is one of the most ignorant comments here.,Abusive
You have no idea what you are talking about.,Abusive
Your advice belongs in the trash.,Abusive
Message me privately if you want antibiotics without prescription.,Suspicious
I know someone selling vaccines privately for much cheaper.,Suspicious
There is a way to avoid paying for consultations DM me.,Suspicious
Can I use leftover human antibiotics on my dog instead of seeing a vet?,Suspicious
Someone offered me imported medicine without a label is that okay?,Suspicious
DM me if you want restricted pet meds cheap.,Suspicious
I found a seller who can get me sedatives without paperwork.,Suspicious
Is it okay to buy vaccines from a guy on social media?,Suspicious
My friend says I can skip the vet and buy treatment privately.,Suspicious
I know a backdoor way to get prescription food without prescription.,Suspicious
Can anyone connect me with a private seller for injections?,Suspicious
I want to get medicine from unofficial sources because the clinic is expensive.,Suspicious
Someone told me they can provide microchips without registration.,Suspicious
Who can sell me treatment directly without asking questions?,Suspicious
DM me if you know how to bypass the normal paperwork for vaccines.,Suspicious
Can I reuse old antibiotics from another pet?,Suspicious
I know a place that sells expired medicine for cheap should I try it?,Suspicious
Is there a way to get surgery medicine without the consultation fee?,Suspicious
Someone offered me a private charity donation shortcut for quicker approval.,Suspicious
I can get imported meds through a contact without receipt.,Suspicious
Can anyone help me obtain restricted medicine off the record?,Suspicious
I was told human painkillers work the same for cats is that true?,Suspicious
There is a seller giving huge discounts on unlabeled pet drugs.,Suspicious
Do you know anyone who can issue fake vaccine proof?,Suspicious
Message me if you want to avoid the official shelter process.,Suspicious
I heard there is a way to buy pet sedatives online without checks.,Suspicious
Someone said they can get me medication straight from a warehouse privately.,Suspicious
Can I treat my dog with medicine meant for livestock?,Suspicious
Is there a way to get around the prescription requirement for this treatment?,Suspicious
I found a contact selling clinic-only products on WhatsApp.,Suspicious
Would it be fine to share antibiotics between two pets?,Suspicious
Can anyone tell me how to avoid paying the full consultation cost and still get meds?,Suspicious
I know someone making homemade treatment mixes and selling them cheap.,Suspicious
Is it safe to buy vaccine doses from an unofficial page?,Suspicious
Who has a private source for cheap pet injections?,Suspicious
My neighbor sells medicine from opened boxes and says it still works.,Suspicious
Can someone privately help me get restricted products for my pet?,Suspicious
I want to buy treatment from a person instead of a clinic to save money.,Suspicious
Does anyone know how to get around the approval process for charity pet intake?,Suspicious
Message me if you know someone who sells clinic medicines quietly.,Suspicious
My cat has been eating less this week. Has anyone seen that before with older cats?,Safe
Does anyone know a rescue that accepts injured street cats near Beirut?,Safe
My puppy keeps chewing furniture. What training method worked for you?,Safe
I am looking for a good vet who explains medication side effects clearly.,Safe
Has anyone used a cone after surgery? How long did your pet need it?,Safe
"My dog has mild redness around the eye. I will visit a vet, but wanted to ask if anyone experienced something similar.",Safe
What is the best way to help a shy rescue cat adjust to a new home?,Safe
Can anyone recommend a pet shop that sells renal diet food?,Safe
Is there a reliable place for emergency grooming after mud or injury?,Safe
My bird has been plucking feathers lately. Should I be worried?,Safe
Has anyone found a good charity that helps abandoned kittens get vaccinated?,Safe
I need advice on introducing a second dog into the house slowly.,Safe
My cat refuses wet food but likes dry food only. Any suggestions?,Safe
Does anyone know whether mild limping always needs an x-ray?,Safe
What toys are safest for rabbits that like to chew everything?,Safe
My vet suggested probiotics after antibiotics. Has that helped your pets?,Safe
Can anyone recommend a quiet boarding place for cats?,Safe
My dog scratches more during spring. Could it just be seasonal allergies?,Safe
Which clinics are known for being gentle with anxious animals?,Safe
Is it normal for a kitten to sleep most of the afternoon after vaccination?,Safe
Has anyone tried puzzle feeders for overweight indoor cats?,Safe
I want to adopt a rescue dog. What questions should I ask the shelter first?,Safe
My dog seems nervous at the groomer. How did you make grooming easier?,Safe
Does anyone know a good charity that accepts blankets and food donations?,Safe
Is there a pet shop that carries prescription urinary food?,Safe
My cat keeps hiding after moving houses. How long did adjustment take for yours?,Safe
My dog had a consultation today and the vet recommended joint supplements. Did they help anyone?,Safe
Can someone recommend a clinic with good post-surgery follow-up?,Safe
"My hamster is less active than usual. I am monitoring him, but wondered if others saw that before.",Safe
What is the best way to keep a cone on a very stubborn cat?,Safe
I am searching for a place that can help with low-cost vaccinations for rescues.,Safe
My puppy has started teething badly. Which chew toys worked best?,Safe
Does anyone have experience with pet insurance for chronic conditions?,Safe
My vet changed the dosage timing for my dog’s medicine. Has anyone had to adjust schedules often?,Safe
Can anyone recommend a reliable mobile vet service?,Safe
My dog gets anxious in loud streets. Any training tips that worked well?,Safe
Is there a shelter here that allows foster-to-adopt arrangements?,Safe
"My cat is drinking more water than normal and I booked a vet, but I wanted to ask if anyone noticed that too.",Safe
What is the safest way to clean a dog’s ears at home?,Safe
Has anyone used soft recovery collars instead of hard cones?,Safe
My rabbit stopped liking one brand of hay. Did changing brand help your rabbit?,Safe
Can anyone recommend a place to donate leftover unopened pet food?,Safe
My dog was prescribed rest after injury. How did you keep your dog calm indoors?,Safe
I want to know if pet cameras help with separation anxiety.,Safe
My cat’s appetite dropped after travel. Did that happen to anyone else?,Safe
Which clinic has the best reputation for dental cleaning?,Safe
Is it okay to switch food gradually over one week or should it be longer?,Safe
My puppy gets hiccups a lot after eating. Has anyone else noticed that?,Safe
I am looking for a trustworthy charity that helps find homes for older dogs.,Safe
Has anyone here dealt with recurring ear infections in spaniels?,Safe
My cat hates carriers. Any tips to reduce stress before vet visits?,Safe
Can someone recommend a good pet place for nail trimming only?,Safe
My dog started physical therapy this week. Has anyone tried that after surgery?,Safe
Do any shelters here need volunteers for feeding or transport?,Safe
My kitten bites during play a lot. What helped you teach bite inhibition?,Safe
Has anyone tried calming music for pets during storms?,Safe
Which flea prevention worked best for dogs that swim often?,Safe
My cat has a small bald patch and I am taking her in tomorrow. Did anyone see something similar before?,Safe
I want to support a charity that treats stray animals. Any trustworthy recommendations?,Safe
Can anyone suggest a good pet shop for grain-free food?,Safe
My dog is old and struggles with stairs now. What home adjustments helped?,Safe
Has anyone used medication reminders successfully for pets with multiple doses?,Safe
I need a good clinic for second opinions on surgery.,Safe
My bird has started avoiding one foot occasionally. Should I book a consultation right away?,Safe
What brushes work best for long-haired cats that hate grooming?,Safe
My dog gets anxious before medication time. Any tricks to make it easier?,Safe
Can anyone recommend a reliable charity that helps with rescue transport?,Safe
My cat has become pickier with food after illness. What worked to encourage eating?,Safe
Does anyone know a place that offers pet rehabilitation exercises?,Safe
My dog pants in the car even with short trips. Did training help your dog?,Safe
I am looking for a clinic with good emergency communication and updates.,Safe
My kitten meows a lot at night. Is that common in the first week after adoption?,Safe
What is the safest way to introduce a rescue rabbit to a home with children?,Safe
My dog has arthritis and the vet recommended weight control. Has that helped anyone?,Safe
Has anyone adopted from a charity and later kept in touch with them for follow-up advice?,Safe
My cat was prescribed twice-daily medication and I am trying to build a routine.,Safe
I need recommendations for a calm boarding option for senior dogs.,Safe
"My dog keeps licking one paw after walks. I am checking with the vet, but wondered if others saw that too.",Safe
What is the best way to store multiple pet medications safely at home?,Safe
My rabbit is suddenly more timid than usual. Has stress caused that for others?,Safe
Can anyone recommend a reliable vaccination clinic for newly rescued kittens?,Safe
Big discount today on all pet care bundles click now and buy instantly,Spam
Free premium dog food for the first fifty people message me now,Spam
Best miracle cure for your pets available only tonight hurry up,Spam
Cheap vaccines and medicine no delays DM me today,Spam
Order now for exclusive dog supplements and huge savings,Spam
Visit our pet superstore right now for amazing treatment offers,Spam
Special secret formula for all pet illnesses click now,Spam
Fast sale on premium flea treatment limited quantities available,Spam
Buy our package today and fix every pet problem immediately,Spam
Pet owners act now for a once in a lifetime discount,Spam
Click my profile for unbeatable pet medicine prices,Spam
Massive offer free collars with every medicine purchase,Spam
Private offer only for serious buyers message now,Spam
Best treatment online with instant results guaranteed,Spam
Cheap premium dog food DM me before midnight,Spam
Free samples of new pet vitamins available now,Spam
Subscribe for daily pet deals and miracle products,Spam
Discount on all vaccines this week contact me quickly,Spam
Order our healing spray now and save your pet today,Spam
Click here for cheap imported medicine with fast delivery,Spam
Best store ever for all pet needs huge promo today,Spam
Join our pet club for special offers and free products,Spam
Urgent sale on supplements and treatment kits act now,Spam
Lowest prices on pet medicine message me today,Spam
Miracle pet shampoo buy now while stocks last,Spam
Get rich reselling pet supplies contact me immediately,Spam
Click and shop now for premium products at crazy prices,Spam
Final hours of our pet sale do not miss out,Spam
Limited-time promotion on all cat treatment packs,Spam
Exclusive buyer deal for imported vaccines message me,Spam
Huge sale on all pet accessories buy fast,Spam
Guaranteed results with our miracle pet capsules click here,Spam
Special offer free consultation if you purchase our bundle now,Spam
Cheap dog medicine available through direct message only,Spam
Promotional event this evening with massive pet discounts,Spam
Click to order treatment products now before offer ends,Spam
Best flea and tick solution in the market DM me,Spam
Private sale for premium antibiotics and vitamins message fast,Spam
Buy our product and your pet will recover instantly,Spam
Special seller offer on all imported pet drugs today,Spam
Only a fool would believe that nonsense.,Abusive
You clearly have no clue how to care for animals.,Abusive
That is one of the dumbest suggestions I have seen here.,Abusive
You are hopeless if you think that advice helps anyone.,Abusive
Stop posting trash advice and learn something first.,Abusive
You sound ignorant and reckless.,Abusive
That is such a stupid comment.,Abusive
No responsible owner would listen to you.,Abusive
You are embarrassing yourself with that post.,Abusive
Your advice is pure nonsense and dangerous.,Abusive
You clearly should not be giving advice here.,Abusive
This is why bad owners should stay quiet.,Abusive
You are acting like a clown in this thread.,Abusive
Only an ignorant person would say something like that.,Abusive
Your comment is garbage from start to finish.,Abusive
You are clearly too clueless for this discussion.,Abusive
That was an idiotic thing to post.,Abusive
Nobody should trust anything you say about pets.,Abusive
You sound ridiculous and careless.,Abusive
This kind of stupidity is exactly the problem.,Abusive
What a useless and ignorant reply.,Abusive
You have no business advising anyone.,Abusive
Your post is trash and so is your attitude.,Abusive
That recommendation is unbelievably dumb.,Abusive
You are the last person who should talk about responsible care.,Abusive
That is a pathetic excuse for advice.,Abusive
Only a complete idiot would do that.,Abusive
You clearly do not understand basic animal care.,Abusive
Your answer is worthless and harmful.,Abusive
Stop pretending you know what you are talking about.,Abusive
You are making a fool of yourself.,Abusive
This is the kind of stupid advice that hurts animals.,Abusive
You are arrogant and ignorant at the same time.,Abusive
Your comment adds nothing except nonsense.,Abusive
People like you should not be near pets.,Abusive
That was a braindead reply.,Abusive
You are clearly unfit to advise others.,Abusive
Your post is one of the worst here.,Abusive
That is an ignorant and insulting way to speak.,Abusive
Anyone who follows you is making a mistake.,Abusive
Is there a way to get prescription pet meds without seeing a vet?,Suspicious
I found a page selling vaccines privately with no records required.,Suspicious
Can someone DM me a contact for cheap clinic-only medications?,Suspicious
I heard you can buy sedatives from unofficial sellers online.,Suspicious
Is it okay to use leftover antibiotics from my other dog?,Suspicious
Someone offered imported treatment with no label but it is cheap.,Suspicious
How can I avoid paying for the full consultation and still get medicine?,Suspicious
Can anyone help me get pet injections without paperwork?,Suspicious
Do you know someone who can sell me restricted products quietly?,Suspicious
I was told I can get fake vaccine proof from someone online.,Suspicious
Message me if you know where to buy clinic stock privately.,Suspicious
Can I use human anti-inflammatory tablets for my cat to save money?,Suspicious
Someone is offering pet meds from opened packages at a discount.,Suspicious
Where can I get prescription food without a prescription?,Suspicious
Is it safe to buy medicine from a person on WhatsApp instead of a clinic?,Suspicious
Can anyone privately sell me antibiotics for a rescue cat?,Suspicious
I know a guy who sells surgery meds on the side should I trust him?,Suspicious
Can I split one pet’s prescription across two animals?,Suspicious
I need a private source for cheap vaccines message me.,Suspicious
Someone said they can bypass shelter paperwork for me.,Suspicious
How do people get pet sedatives without official approval?,Suspicious
Is there a shortcut to obtain restricted treatments for pets?,Suspicious
My neighbor sells extra medicine from his clinic job unofficially.,Suspicious
Can anyone connect me to a private vaccine seller?,Suspicious
I heard there are backdoor ways to get prescription meds quickly.,Suspicious
Would it be fine to buy opened medicine packs if they are cheaper?,Suspicious
I want to avoid registration but still get a microchip for my dog.,Suspicious
Who has a private contact for clinic-only pet products?,Suspicious
Can I buy animal antibiotics from farm suppliers for my cat?,Suspicious
Is there a seller who provides unlabeled medicine cheaper than clinics?,Suspicious
I want to get treatment without leaving any paperwork trail.,Suspicious
Message me if you know someone selling imported drugs directly.,Suspicious
How can I get around the prescription requirement for this medicine?,Suspicious
Someone told me there is a way to skip the adoption checks at shelters.,Suspicious
Can I share one vaccine dose across two puppies to save money?,Suspicious
I found a seller of private treatment kits through social media.,Suspicious
Is there an unofficial way to buy pain medication for pets?,Suspicious
Does anyone know a contact who sells clinic supplies privately?,Suspicious
I can get cheap treatment from a warehouse source without receipt.,Suspicious
Can someone privately advise me how to avoid the normal approval process?,Suspicious
